Fecha de Transaccion,Saldo Total en Cuenta,Monto de Ingresos,Monto de Gastos,Categoria del Gasto,Cantidad de Transacciones,Monto Total de Transacciones,Metodo de Pago,Limite de Credito Asignado,Deuda Total en Cuenta
01/01/23,3896.833591219065,20461.31879823268,0,,6,34016.23314129284,Compra con Tarjeta,30882.389706432477,30000.984559205135
02/01/23,-16348.50665,316.08869739512323,20245.34024581741,Entretenimiento,6,23207.663855686136,Transferencia,30882.389706432477,30000.984559205135
03/01/23,3896.833591219065,322.75182923126226,0,,0,0,0,0,0
04/01/23,31688.973997618385,28240.483634085776,0,,1,1440.8925775775606,Pago de Servicio,30882.389706432477,30000.984559205135
05/01/23,3896.833591219065,229.0610419742699,0,,0,0,0,30882.389706432477,30000.984559205135
06/01/23,-10390.26981,325.71455397008555,14287.103405153091,Entretenimiento,5,6015.533207,Retiro,0,0
07/01/23,3896.833591219065,496.62568875365525,0,,1,25946.62258552088,Transferencia,0,0
08/01/23,41274.102840158965,37842.67127104542,0,,1,31109.60396002522,Retiro,30882.389706432477,30000.984559205135
09/01/23,-11558.06404,411.93525974326974,15454.897630240108,Salud,6,34916.499158932784,Pago de Servicio,30882.389706432477,30000.984559205135
10/01/23,7051.684948253531,3551.1734994129465,0,,8,16151.805948697049,Compra con Tarjeta,0,0
11/01/23,-15057.59848,477.38263239397776,18954.432070108407,Vivienda,6,2963.9044397831262,Retiro,30882.389706432477,30000.984559205135
12/01/23,3896.833591219065,197.26512811072337,0,,0,0,0,30882.389706432477,30000.984559205135
13/01/23,24309.044848339705,20768.032660674788,0,,2,29459.004770143027,Depósito,0,0
14/01/23,13858.890840815586,23831.66507809441,13378.069469243468,Entretenimiento,3,17575.065455931694,Pago de Servicio,30882.389706432477,30000.984559205135
15/01/23,38144.52426798025,20461.31879823268,0,,8,866.4743264678937,Transferencia,30882.389706432477,30000.984559205135
16/01/23,15812.522846710272,23012.548976241047,10956.76604031054,Educación,0,0,0,30882.389706432477,30000.984559205135
17/01/23,3896.833591219065,156.9364652078393,0,,9,16952.930253128845,Transferencia,30882.389706432477,30000.984559205135
18/01/23,11636.494087554998,17423.449529909547,9514.284850557302,Servicios Públicos,5,985.0705667636216,Depósito,30882.389706432477,30000.984559205135
19/01/23,3896.833591219065,262.02330750544616,0,,4,17031.769381665705,Retiro,30882.389706432477,30000.984559205135
20/01/23,5975.007966567723,2345.3897833850583,0,,0,0,0,30882.389706432477,30000.984559205135
21/01/23,3896.833591219065,354.2585507004378,0,,2,27577.692753104104,Retiro,30882.389706432477,30000.984559205135
22/01/23,32541.414472764976,28888.49526631696,0,,4,32721.295195790277,Retiro,0,0
23/01/23,-15960.53015,6406.332952603406,25948.687553730226,Alimentos,2,6199.1884107532715,Retiro,30882.389706432477,30000.984559205135
24/01/23,10052.756218260169,6557.939812287821,0,,3,11635.28969356076,Depósito,0,0
25/01/23,3896.833591219065,237.9087236280401,0,,0,0,0,30882.389706432477,30000.984559205135
26/01/23,14389.810976982972,25651.25897806795,15029.39481,Vivienda,0,0,0,30882.389706432477,30000.984559205135
27/01/23,-8500.396942,299.00679729818194,12397.230533422837,Transporte,0,0,0,30882.389706432477,30000.984559205135
28/01/23,3896.833591219065,451.6064751806594,0,,0,0,0,0,0
29/01/23,-4286.97667,19484.97032161891,27549.61902,Vivienda,3,26617.08501476496,Compra con Tarjeta,0,0
30/01/23,3896.833591219065,131.0451905094232,0,,7,17106.55742755553,Transferencia,30882.389706432477,30000.984559205135
31/01/23,3896.833591219065,423.4167283453069,0,,7,30601.564955783335,Compra con Tarjeta,0,0
01/02/23,3896.833591219065,20461.31879823268,0,,7,11955.232638956166,Transferencia,30882.389706432477,30000.984559205135
02/02/23,3896.833591219065,279.1069486990635,0,,7,15260.388731724295,Pago de Servicio,30882.389706432477,30000.984559205135
03/02/23,6324.208839013454,17756.32899345847,14923.24509004926,Servicios Públicos,7,6122.550447547583,Compra con Tarjeta,0,0
04/02/23,3896.833591219065,223.2071106028545,0,,0,0,0,30882.389706432477,30000.984559205135
05/02/23,3896.833591219065,127.42708053459704,0,,2,14789.643555153869,Compra con Tarjeta,0,0
06/02/23,-17501.01236,372.6398111862789,21397.84595137615,Entretenimiento,0,0,0,30882.389706432477,30000.984559205135
07/02/23,39031.03768,35346.000593027886,0,,0,0,0,30882.389706432477,30000.984559205135
08/02/23,19282.674234069113,24077.753652751577,8516.201622005514,Educación,1,12373.263043447558,Retiro,0,0
09/02/23,-9513.830423,19770.856962008093,32880.6029,Vivienda,0,0,0,0,0
10/02/23,3872.8639824378224,19395.254057509977,19166.53256486326,Servicios Públicos,7,21638.71029940876,Transferencia,0,0
11/02/23,-5240.694307,392.72209633500006,9137.527898275895,Servicios Públicos,0,0,0,30882.389706432477,30000.984559205135
12/02/23,-21186.23376,5948.943698907104,30550.61742070691,Servicios Públicos,0,0,0,30882.389706432477,30000.984559205135
13/02/23,14110.82193953436,10687.271014221596,0,,9,10119.218334165078,Depósito,0,0
14/02/23,-22662.4017,7169.670296545905,33400.59408767174,Entretenimiento,1,30305.917741875157,Depósito,30882.389706432477,30000.984559205135
15/02/23,3896.833591219065,20461.31879823268,0,,9,20417.27880697133,Pago de Servicio,0,0
16/02/23,3896.833591219065,441.94824296367045,0,,0,0,0,30882.389706432477,30000.984559205135
17/02/23,3896.833591219065,433.4808024,0,,3,2001.023303863056,Pago de Servicio,30882.389706432477,30000.984559205135
18/02/23,-17034.67323,275.87170906042525,20931.506820822047,Vivienda,0,0,0,0,0
19/02/23,-19942.26694,9439.319004785497,32844.26775685677,Alimentos,0,0,0,0,0
20/02/23,-12672.22848,258.67533351341694,16569.06207521177,Educación,0,0,0,30882.389706432477,30000.984559205135
21/02/23,-7423.241358,140.7215165846988,11320.074949551712,Ropa,0,0,0,0,0
22/02/23,37286.538552525024,33541.81955226362,0,,0,0,0,30882.389706432477,30000.984559205135
23/02/23,3896.833591219065,496.3431712994355,0,,0,0,0,30882.389706432477,30000.984559205135
24/02/23,29309.564803744288,25519.569444992925,0,,0,0,0,30882.389706432477,30000.984559205135
25/02/23,28414.893283939226,24702.066019969578,0,,3,15032.191923297834,Pago de Servicio,0,0
26/02/23,21518.121526571056,34666.92943477061,16600.999880174437,Ropa,5,1465.0203514590924,Transferencia,30882.389706432477,30000.984559205135
27/02/23,2887.1133321022435,383.1271601324691,1009.7202591168214,Alimentos,7,33518.99750552255,Transferencia,30882.389706432477,30000.984559205135
28/02/23,3896.833591219065,427.2928479049857,0,,0,0,0,30882.389706432477,30000.984559205135
01/03/23,-6018.364939,20461.31879823268,31402.652025264262,Salud,0,0,0,30882.389706432477,30000.984559205135
02/03/23,8609.822569432496,5057.744715020769,0,,3,14434.03972103856,Compra con Tarjeta,30882.389706432477,30000.984559205135
03/03/23,28202.558345593396,24730.494460847884,0,,4,27297.535203543423,Transferencia,30882.389706432477,30000.984559205135
04/03/23,2529.5049435408328,20293.43527429279,21193.31394317639,Educación,5,13723.72951624254,Retiro,0,0
05/03/23,-11453.93799,112.15694915142942,15350.77157823563,Vivienda,0,0,0,0,0
06/03/23,42324.20016,38613.87028602285,0,,0,0,0,0,0
07/03/23,-29947.28645,328.6962992837788,33844.12004183215,Vivienda,2,16648.9207,Transferencia,30882.389706432477,30000.984559205135
08/03/23,2367.203720263957,208.39826761141657,1529.629870955108,Entretenimiento,7,15215.948538281744,Compra con Tarjeta,0,0
09/03/23,30388.88841,26939.99054203261,0,,0,0,0,0,0
10/03/23,16417.82347171638,12685.71020926208,0,,5,19235.82256432574,Transferencia,0,0
11/03/23,3896.833591219065,363.6963664300608,0,,4,12336.415515792552,Compra con Tarjeta,30882.389706432477,30000.984559205135
12/03/23,3896.833591219065,452.93258515246606,0,,6,9337.456574415566,Pago de Servicio,0,0
13/03/23,3896.833591219065,297.4724146711201,0,,0,0,0,0,0
14/03/23,3896.833591219065,440.82929431335856,0,,0,0,0,30882.389706432477,30000.984559205135
15/03/23,38998.063137862824,20461.31879823268,0,,1,4605.026555507488,Transferencia,0,0
16/03/23,-12721.44357,11155.87277,27609.594533167096,Alimentos,5,34781.022699359324,Compra con Tarjeta,30882.389706432477,30000.984559205135
17/03/23,3896.833591219065,239.98587505397825,0,,0,0,0,30882.389706432477,30000.984559205135
18/03/23,-13950.7575,247.64820163470364,17847.591087340665,Ropa,0,0,0,0,0
19/03/23,-26642.27573,244.49623230507336,30539.10932024091,Educación,7,12399.56917127439,Compra con Tarjeta,0,0
20/03/23,8461.912569420962,4782.026319572919,0,,5,34318.04058,Retiro,0,0
21/03/23,-14790.21056,318.26358301991974,18687.04415,Ropa,0,0,0,0,0
22/03/23,3896.833591219065,199.64802006589863,0,,0,0,0,30882.389706432477,30000.984559205135
23/03/23,-3422.115023,361.5981230740227,7318.948614329398,Servicios Públicos,7,5689.233155470504,Compra con Tarjeta,30882.389706432477,30000.984559205135
24/03/23,-14317.25765,108.3134656,18214.091242995673,Transporte,5,15992.264590614554,Depósito,0,0
25/03/23,37302.58010205739,33771.621323047235,0,,0,0,0,30882.389706432477,30000.984559205135
26/03/23,-25499.5696,212.5958198719108,29396.40318776653,Salud,0,0,0,0,0
27/03/23,-4555.928612,3746.922738113083,12080.42672187548,Vivienda,0,0,0,30882.389706432477,30000.984559205135
28/03/23,3896.833591219065,134.80062897658735,0,,0,0,0,30882.389706432477,30000.984559205135
29/03/23,-2973.155299,9333.67648,15941.291835078042,Ropa,0,0,0,30882.389706432477,30000.984559205135
30/03/23,24495.994398007337,20788.851784968458,0,,0,0,0,30882.389706432477,30000.984559205135
31/03/23,1864.518127992476,470.3325368595183,2032.3154632265891,Ropa,0,0,0,30882.389706432477,30000.984559205135
01/04/23,3896.833591219065,20461.31879823268,0,,3,31389.52275199276,Compra con Tarjeta,0,0
02/04/23,3896.833591219065,255.46726451478943,0,,0,0,0,0,0
03/04/23,3896.833591219065,307.6890447650086,0,,0,0,0,0,0
04/04/23,3143.0648351277923,33835.086679232154,34278.59837814565,Ropa,0,0,0,30882.389706432477,30000.984559205135
05/04/23,3896.833591219065,269.6543093077871,0,,0,0,0,30882.389706432477,30000.984559205135
06/04/23,320.85575961386985,212.41739048535575,3575.977831605195,Salud,3,30128.54873282553,Compra con Tarjeta,30882.389706432477,30000.984559205135
07/04/23,3896.833591219065,240.43626546762144,0,,0,0,0,0,0
08/04/23,36873.60337448823,33336.99301636094,0,,1,10863.81157066287,Pago de Servicio,0,0
09/04/23,3896.833591219065,381.1502023,0,,0,0,0,30882.389706432477,30000.984559205135
10/04/23,21044.56025292325,17255.06852476747,0,,9,25106.09928672263,Retiro,30882.389706432477,30000.984559205135
11/04/23,3896.833591219065,445.580932,0,,0,0,0,0,0
12/04/23,3896.833591219065,273.2293220979833,0,,5,31114.902519833853,Transferencia,30882.389706432477,30000.984559205135
13/04/23,18245.06102193348,14557.938937347177,0,,0,0,0,30882.389706432477,30000.984559205135
14/04/23,-21904.30865,291.2829727705918,25801.142240520803,Alimentos,2,31438.820595509485,Compra con Tarjeta,0,0
15/04/23,17707.83072185239,20461.31879823268,0,,0,0,0,0,0
16/04/23,15666.043912311246,15428.51952536743,3360.418167070782,Vivienda,6,27698.47393339574,Transferencia,0,0
17/04/23,-10695.1168,15127.697267445526,29365.97552988154,Alimentos,3,5000.722778413051,Pago de Servicio,0,0
18/04/23,-18936.48263,422.51503461590664,22833.316217080068,Salud,6,33043.082935776634,Compra con Tarjeta,0,0
19/04/23,-26572.72096,294.8300721189535,30469.554552470105,Ropa,0,0,0,30882.389706432477,30000.984559205135
20/04/23,-1942.63793,258.4874214203754,5839.471521110172,Servicios Públicos,7,17363.167190604505,Pago de Servicio,30882.389706432477,30000.984559205135
21/04/23,38017.45297,34418.61047821773,0,,0,0,0,0,0
22/04/23,22275.48672639697,18723.383017701995,0,,0,0,0,30882.389706432477,30000.984559205135
23/04/23,-2574.671227,106.70340122272486,6471.504818342505,Salud,8,33430.05200232567,Retiro,30882.389706432477,30000.984559205135
24/04/23,3182.3436638554954,298.2841242292455,714.4899273635697,Servicios Públicos,9,12456.17340225843,Retiro,30882.389706432477,30000.984559205135
25/04/23,-5717.609639,249.26444902193143,9614.443229771818,Vivienda,8,18470.91997610366,Transferencia,0,0
26/04/23,3077.6829460584013,19369.386371055058,19707.065318101657,Salud,4,20687.481419673943,Compra con Tarjeta,0,0
27/04/23,14246.67516217299,10466.961639317276,0,,8,27770.44599705033,Depósito,0,0
28/04/23,3896.833591219065,204.58812576311857,0,,5,23935.182672086336,Depósito,0,0
29/04/23,39567.67856304881,35933.689603309664,0,,0,0,0,0,0
30/04/23,3896.833591219065,303.44759704373575,0,,2,13416.975326261772,Depósito,0,0
01/05/23,-2603.366035,20461.31879823268,33404.17746406318,Vivienda,5,2727.6768390277143,Pago de Servicio,30882.389706432477,30000.984559205135
02/05/23,3896.833591219065,358.5441753711864,0,,9,21649.245277294565,Compra con Tarjeta,30882.389706432477,30000.984559205135
03/05/23,-19488.40449,471.8348061,23385.238080222534,Servicios Públicos,0,0,0,0,0
04/05/23,-23682.37254,320.6966296785776,27579.20613575757,Alimentos,4,14788.116864021014,Depósito,0,0
05/05/23,3896.833591219065,272.95482503895937,0,,0,0,0,30882.389706432477,30000.984559205135
06/05/23,20378.17328821202,16661.326588988246,0,,0,0,0,0,0
07/05/23,14419.691482167776,39909.25626169224,29011.811760639754,Servicios Públicos,0,0,0,0,0
08/05/23,16111.88528388884,12318.56865095029,0,,0,0,0,0,0
09/05/23,6628.376944690348,18613.987737729956,15430.053470932253,Transporte,0,0,0,30882.389706432477,30000.984559205135
10/05/23,-4201.805899,143.2449414856917,8098.639490491911,Alimentos,6,18553.307896562037,Pago de Servicio,30882.389706432477,30000.984559205135
11/05/23,-11785.32207,1168.0934149966497,16633.147848689823,Educación,8,17097.298002396397,Pago de Servicio,30882.389706432477,30000.984559205135
12/05/23,-23226.32295,486.23560726511494,27123.156545171583,Salud,5,26112.474510871176,Compra con Tarjeta,30882.389706432477,30000.984559205135
13/05/23,24281.521321192857,38310.15686880407,17758.25751595287,Alimentos,0,0,0,30882.389706432477,30000.984559205135
14/05/23,19319.455632140092,16018.493534703031,461.68670722045186,Alimentos,0,0,0,0,0
15/05/23,23380.494107813312,20461.31879823268,19735.51494387306,Transporte,0,0,0,30882.389706432477,30000.984559205135
16/05/23,-29916.53998,201.89587599752713,33813.37357137565,Educación,0,0,0,30882.389706432477,30000.984559205135
17/05/23,15130.210772793978,23684.77713158787,12195.018501374356,Salud,2,12398.596037154864,Pago de Servicio,0,0
18/05/23,41773.88884231411,38030.295871194634,0,,0,0,0,0,0
19/05/23,-8897.325248,8862.308743873326,21471.935072454675,Educación,5,12220.612126099544,Retiro,30882.389706432477,30000.984559205135
20/05/23,19554.894256865176,31426.794249152696,15479.512719939245,Educación,8,6755.980003733106,Transferencia,30882.389706432477,30000.984559205135
21/05/23,28706.78056,25206.963881326603,0,,3,17765.941232913672,Retiro,30882.389706432477,30000.984559205135
22/05/23,2925.930182559794,386.7183259,970.9034087,Alimentos,0,0,0,0,0
23/05/23,7432.043341084691,11017.967774028424,7243.555736360748,Vivienda,8,24211.596209835505,Transferencia,0,0
24/05/23,3896.833591219065,292.64983571793164,0,,1,15025.005735593111,Transferencia,0,0
25/05/23,14345.197882255088,10838.828592268908,0,,0,0,0,30882.389706432477,30000.984559205135
26/05/23,1810.8199380141004,315.84148579932435,2086.0136532049646,Educación,5,23464.65783039469,Pago de Servicio,30882.389706432477,30000.984559205135
27/05/23,3896.833591219065,108.30082160504035,0,,0,0,0,0,0
28/05/23,3896.833591219065,364.8748578227291,0,,2,20308.670290690992,Pago de Servicio,0,0
29/05/23,32589.84845451569,29140.18752057811,0,,3,16996.744727920544,Compra con Tarjeta,30882.389706432477,30000.984559205135
30/05/23,15153.83071951223,24078.419489949218,12716.414923411076,Ropa,0,0,0,0,0
31/05/23,3896.833591219065,325.9415042943987,0,,7,20581.579478330357,Compra con Tarjeta,0,0
01/06/23,-15770.32303,20461.31879823268,19667.156618238656,Vivienda,5,8248.847775522245,Transferencia,30882.389706432477,30000.984559205135
02/06/23,-27114.79523,174.2941543502592,31011.62882455229,Ropa,7,26900.05772968965,Pago de Servicio,0,0
03/06/23,3896.833591219065,283.0520798347578,0,,0,0,0,30882.389706432477,30000.984559205135
04/06/23,-4006.992692,1891.495232685952,9388.184513581506,Servicios Públicos,0,0,0,30882.389706432477,30000.984559205135
05/06/23,40482.42437126046,37000.33682221685,0,,0,0,0,30882.389706432477,30000.984559205135
06/06/23,18939.031559108917,32286.51440380279,16924.062215920523,Vivienda,2,29438.67330360075,Retiro,30882.389706432477,30000.984559205135
07/06/23,12477.093695545773,8892.97056,0,,0,0,0,30882.389706432477,30000.984559205135
08/06/23,23570.706415875014,20040.07186599214,0,,8,25494.66189664881,Retiro,0,0
09/06/23,5165.708248452874,1607.6952442938011,0,,6,15473.416903214296,Retiro,30882.389706432477,30000.984559205135
10/06/23,29274.011076832045,29410.467609208423,3825.2977306821344,Servicios Públicos,0,0,0,30882.389706432477,30000.984559205135
11/06/23,3896.833591219065,239.0087313425884,0,,8,31396.81110863812,Pago de Servicio,0,0
12/06/23,-22138.3324,492.8068662,26035.165987985496,Alimentos,7,3609.551859701387,Transferencia,0,0
13/06/23,27786.90407,23992.84189881793,0,,0,0,0,0,0
14/06/23,3896.833591219065,109.10275459523832,0,,1,11651.276067424891,Retiro,0,0
15/06/23,3896.833591219065,20461.31879823268,0,,3,14938.39485,Pago de Servicio,30882.389706432477,30000.984559205135
16/06/23,20781.112954306176,16992.403540076295,0,,2,27668.38518,Retiro,0,0
17/06/23,3896.833591219065,251.52022795445265,0,,0,0,0,30882.389706432477,30000.984559205135
18/06/23,19216.647574893435,34578.03205884727,18888.760312817696,Educación,0,0,0,30882.389706432477,30000.984559205135
19/06/23,-2020.766842,460.86055549238023,5917.600432950419,Alimentos,0,0,0,30882.389706432477,30000.984559205135
20/06/23,3896.833591219065,307.4147560365706,0,,7,6583.987741804113,Depósito,30882.389706432477,30000.984559205135
21/06/23,3896.833591219065,246.9632858960176,0,,0,0,0,30882.389706432477,30000.984559205135
22/06/23,25415.303499926093,21693.234469494266,0,,5,20628.38457501856,Transferencia,30882.389706432477,30000.984559205135
23/06/23,3896.833591219065,376.7775857036322,0,,0,0,0,30882.389706432477,30000.984559205135
24/06/23,19305.994840463467,15669.299578948054,0,,3,15463.12169577456,Retiro,0,0
25/06/23,41599.730738081555,37856.931705524046,0,,0,0,0,30882.389706432477,30000.984559205135
26/06/23,-27192.90754,426.6191049562135,31089.741133849577,Entretenimiento,9,17626.713510862603,Pago de Servicio,0,0
27/06/23,3896.833591219065,194.2181496355849,0,,6,33341.82977484629,Compra con Tarjeta,0,0
28/06/23,-15209.03883,231.17112633595207,19105.872420990236,Educación,0,0,0,0,0
29/06/23,3896.833591219065,215.7871993868102,0,,0,0,0,30882.389706432477,30000.984559205135
30/06/23,28517.662497845376,25030.19117230544,0,,0,0,0,0,0
01/07/23,-10080.60749,20461.31879823268,27607.01893412255,Educación,0,0,0,0,0
02/07/23,-26042.31938,242.15141376264975,29939.15297,Alimentos,0,0,0,0,0
03/07/23,3896.833591219065,342.8254204122482,0,,0,0,0,30882.389706432477,30000.984559205135
04/07/23,-2666.777217,271.4674265688171,6563.610807891757,Alimentos,0,0,0,0,0
05/07/23,3896.833591219065,478.09648282510375,0,,5,5985.227150345672,Compra con Tarjeta,0,0
06/07/23,3896.833591219065,356.52846055448236,0,,3,4094.896833284464,Retiro,0,0
07/07/23,-4664.23148,2739.3428973310706,11143.877682994636,Salud,4,14709.29410378993,Retiro,30882.389706432477,30000.984559205135
08/07/23,3896.833591219065,112.82048269144718,0,,3,10266.545679980793,Pago de Servicio,0,0
09/07/23,32039.83110390476,28367.307035630216,0,,6,28924.345373223347,Compra con Tarjeta,30882.389706432477,30000.984559205135
10/07/23,28681.870375383616,25270.180503571948,0,,8,23707.131406348813,Retiro,30882.389706432477,30000.984559205135
11/07/23,-22724.14227,413.5089737739803,26620.975861373736,Vivienda,5,26857.91807316284,Retiro,30882.389706432477,30000.984559205135
12/07/23,2090.8428098820514,10432.370364629924,12121.48628737734,Educación,0,0,0,0,0
13/07/23,43091.38112272643,39510.04086218467,0,,8,237.3475090167171,Compra con Tarjeta,0,0
14/07/23,11288.834479772398,7510.855098,0,,7,2369.7925841416145,Retiro,0,0
15/07/23,-4669.241828,20461.31879823268,8566.075419,Transporte,8,4500.963530502336,Retiro,0,0
16/07/23,-22775.26046,109.0841146373215,26672.094054507405,Vivienda,0,0,0,0,0
17/07/23,12580.15418236608,10902.949972294447,2102.1345588394393,Ropa,4,26482.282206379583,Transferencia,30882.389706432477,30000.984559205135
18/07/23,9840.051642930564,6049.942066,0,,3,12398.835715910454,Depósito,0,0
19/07/23,34307.14353343147,30672.93970495849,0,,3,19557.681184793862,Pago de Servicio,30882.389706432477,30000.984559205135
20/07/23,3896.833591219065,284.83238790014684,0,,0,0,0,30882.389706432477,30000.984559205135
21/07/23,3896.833591219065,352.51602532212667,0,,9,19836.12494,Pago de Servicio,0,0
22/07/23,18464.076815492284,39944.50255,25211.528929096246,Alimentos,9,34961.54154083711,Depósito,30882.389706432477,30000.984559205135
23/07/23,3896.833591219065,407.2241058320832,0,,1,23320.64447709774,Compra con Tarjeta,0,0
24/07/23,27025.624439205465,23493.41755,0,,9,31510.251607756694,Retiro,0,0
25/07/23,15440.972819692524,32436.128669743503,20624.34986903054,Vivienda,0,0,0,30882.389706432477,30000.984559205135
26/07/23,8924.248430378291,5309.545749926134,0,,8,26212.604662406786,Compra con Tarjeta,30882.389706432477,30000.984559205135
27/07/23,3896.833591219065,248.71911403263965,0,,0,0,0,0,0
28/07/23,-2547.03534,157.9750090910155,6443.8689309575275,Educación,0,0,0,30882.389706432477,30000.984559205135
29/07/23,-11536.48168,918.1692774,15882.113985432512,Entretenimiento,7,30269.279043741004,Retiro,0,0
30/07/23,6114.706175232885,28047.953236255704,25561.00956630921,Transporte,0,0,0,0,0
31/07/23,41317.532859021034,37999.50119372658,396.0502928205231,Servicios Públicos,7,32820.524106486955,Depósito,30882.389706432477,30000.984559205135
01/08/23,5935.2074968552115,20461.31879823268,33916.48475066779,Ropa,4,33782.84293536149,Transferencia,30882.389706432477,30000.984559205135
02/08/23,23042.016143795416,19315.43547,0,,0,0,0,30882.389706432477,30000.984559205135
03/08/23,513.2158240752046,445.5384675,3383.6177671438604,Alimentos,6,457.5243454885503,Compra con Tarjeta,0,0
04/08/23,23869.35687878021,21009.228764511943,602.0504398897422,Salud,0,0,0,0,0
05/08/23,14567.146786803518,32892.308648393286,22082.166204978552,Ropa,3,29860.931251435977,Retiro,30882.389706432477,30000.984559205135
06/08/23,-7003.402784,1521.9747778745004,12041.336839593609,Transporte,0,0,0,30882.389706432477,30000.984559205135
07/08/23,-27096.68254,269.21797661036214,30993.516126845945,Educación,3,8808.888750592905,Retiro,30882.389706432477,30000.984559205135
08/08/23,3896.833591219065,387.4837584903019,0,,0,0,0,0,0
09/08/23,3896.833591219065,491.5605550896513,0,,2,3490.425372419893,Pago de Servicio,30882.389706432477,30000.984559205135
10/08/23,-12630.14848,12163.65506213819,28562.618729837766,Educación,0,0,0,0,0
11/08/23,3896.833591219065,366.01429041059635,0,,6,11994.964665291349,Pago de Servicio,30882.389706432477,30000.984559205135
12/08/23,-20598.01447,4977.906329087513,29035.778708665435,Servicios Públicos,3,7169.068682865077,Transferencia,0,0
13/08/23,24828.35791,21184.106202279447,0,,0,0,0,0,0
14/08/23,37453.64320824897,33865.336502119186,0,,0,0,0,30882.389706432477,30000.984559205135
15/08/23,32972.341129662615,20461.31879823268,0,,0,0,0,30882.389706432477,30000.984559205135
16/08/23,-43.40203127,456.6461972841254,3940.235622,Educación,0,0,0,0,0
17/08/23,3896.833591219065,245.0007634982077,0,,0,0,0,0,0
18/08/23,-6996.381424,10593.298406484297,21279.772633022912,Alimentos,0,0,0,30882.389706432477,30000.984559205135
19/08/23,3896.833591219065,275.9259853957558,0,,0,0,0,30882.389706432477,30000.984559205135
20/08/23,16305.99598,17860.019487332156,5004.906271951027,Ropa,8,27337.87685209324,Transferencia,30882.389706432477,30000.984559205135
21/08/23,3896.833591219065,345.23073287892294,0,,0,0,0,0,0
22/08/23,-23468.44827,107.05139284350749,27365.28186241857,Salud,0,0,0,30882.389706432477,30000.984559205135
23/08/23,3896.833591219065,359.70923212514856,0,,5,25272.00910324896,Transferencia,0,0
24/08/23,-20579.34839,171.41748941014072,24476.18197821709,Servicios Públicos,8,19728.915867121937,Retiro,30882.389706432477,30000.984559205135
25/08/23,-25482.3839,184.4785055,29379.21749,Transporte,0,0,0,30882.389706432477,30000.984559205135
26/08/23,-493.2785973,21657.945157712067,25726.900298417804,Ropa,7,27635.624663320767,Retiro,30882.389706432477,30000.984559205135
27/08/23,-15074.73217,294.37218195424714,18971.565760936315,Servicios Públicos,0,0,0,30882.389706432477,30000.984559205135
28/08/23,27641.21963263127,23891.840404232986,0,,0,0,0,0,0
29/08/23,16147.456345509185,12632.099770810042,0,,0,0,0,30882.389706432477,30000.984559205135
30/08/23,3896.833591219065,424.7358471821024,0,,5,29895.385799627897,Transferencia,0,0
31/08/23,33279.26524453372,29831.186874875664,0,,0,0,0,30882.389706432477,30000.984559205135
01/09/23,1743.471754121074,20461.31879823268,24098.47570882751,Salud,0,0,0,0,0
02/09/23,-10714.42416,439.8089999703403,14611.257752275744,Transporte,0,0,0,30882.389706432477,30000.984559205135
03/09/23,3896.833591219065,351.9311806801097,0,,8,4174.304349,Depósito,0,0
04/09/23,10682.798105622696,23672.795262805652,16540.04568986758,Alimentos,6,24918.297167681456,Compra con Tarjeta,30882.389706432477,30000.984559205135
05/09/23,-27080.29826,114.30655288776244,30977.131849560486,Entretenimiento,6,18109.80145,Compra con Tarjeta,0,0
06/09/23,3896.833591219065,212.0990892246331,0,,0,0,0,0,0
07/09/23,-2449.835935,2776.5272236946803,8670.899104760281,Vivienda,8,24357.83903456493,Depósito,30882.389706432477,30000.984559205135
08/09/23,41636.28055294512,40315.52383849615,2173.717486541205,Transporte,0,0,0,30882.389706432477,30000.984559205135
09/09/23,7532.989290658636,3954.186169020316,0,,6,18206.828785940274,Transferencia,30882.389706432477,30000.984559205135
10/09/23,42936.981203184536,39425.943071286885,0,,3,6046.248402613467,Retiro,0,0
11/09/23,36279.15531245807,32794.620796332325,0,,7,20260.28990003903,Transferencia,30882.389706432477,30000.984559205135
12/09/23,-22019.09169,7332.049641624286,32896.95336445746,Salud,0,0,0,0,0
13/09/23,9702.132008468878,6246.839730230771,0,,0,0,0,0,0
14/09/23,3896.833591219065,340.1621593017497,0,,9,7680.154556451366,Pago de Servicio,30882.389706432477,30000.984559205135
15/09/23,3896.833591219065,20461.31879823268,0,,0,0,0,0,0
16/09/23,3896.833591219065,128.48145026302743,0,,4,15863.606554086284,Compra con Tarjeta,0,0
17/09/23,-305.5340582,14284.833656393344,18144.567773620096,Vivienda,6,29669.78558676245,Transferencia,0,0
18/09/23,8897.810319460557,33311.04406630113,28014.44186024682,Ropa,7,5225.54535,Compra con Tarjeta,30882.389706432477,30000.984559205135
19/09/23,-20192.08855,3129.030609,26747.817462500727,Entretenimiento,6,23988.163474102497,Pago de Servicio,0,0
20/09/23,-28430.52218,230.55775999395203,32327.355772327795,Transporte,0,0,0,0,0
21/09/23,4619.817555486367,1166.0822883327774,0,,7,1125.3726467735785,Retiro,30882.389706432477,30000.984559205135
22/09/23,3896.833591219065,301.39460149628906,0,,0,0,0,30882.389706432477,30000.984559205135
23/09/23,33578.215845373685,29856.33183683723,0,,0,0,0,0,0
24/09/23,-19804.98378,302.0341770156494,23701.81736680073,Transporte,8,24387.445414305497,Depósito,30882.389706432477,30000.984559205135
25/09/23,3896.833591219065,368.9724136866008,0,,5,27672.526521766253,Pago de Servicio,0,0
26/09/23,-19504.5767,344.7492275516694,23401.41029282906,Educación,1,5230.046620647343,Depósito,30882.389706432477,30000.984559205135
27/09/23,15362.109843439388,11765.414371418414,0,,0,0,0,30882.389706432477,30000.984559205135
28/09/23,-7243.991652,493.2721892005072,11140.82524330731,Alimentos,0,0,0,0,0
29/09/23,11044.139172089615,28984.885220776756,21416.359829129924,Servicios Públicos,0,0,0,0,0
30/09/23,-25416.05088,497.09387010100994,29312.88446790887,Servicios Públicos,0,0,0,30882.389706432477,30000.984559205135
01/10/23,14575.947610544295,20461.31879823268,26717.827013503025,Educación,0,0,0,30882.389706432477,30000.984559205135
02/10/23,3896.833591219065,377.8888467546472,0,,3,3914.5310082723577,Depósito,0,0
03/10/23,464.8021203685903,433.7917573578255,3432.0314708504748,Ropa,5,3859.2575858664222,Transferencia,30882.389706432477,30000.984559205135
04/10/23,3896.833591219065,419.4021304064363,0,,0,0,0,30882.389706432477,30000.984559205135
05/10/23,5218.595832422594,32178.553180474813,30481.954366251477,Transporte,2,22874.102573516608,Pago de Servicio,0,0
06/10/23,3896.833591219065,114.87403936952094,0,,0,0,0,30882.389706432477,30000.984559205135
07/10/23,-20068.68863,193.42358373577707,23965.522223169733,Ropa,0,0,0,0,0
08/10/23,5143.639518642971,4335.6108270065415,2657.4013552143283,Salud,0,0,0,0,0
09/10/23,13733.39372720589,17284.724840700925,6980.043298198304,Salud,0,0,0,0,0
10/10/23,3896.833591219065,488.1452504874875,0,,0,0,0,30882.389706432477,30000.984559205135
11/10/23,7158.381826,18225.449086464436,14787.713113718502,Entretenimiento,7,5379.8546332355345,Depósito,0,0
12/10/23,3896.833591219065,353.22199308865095,0,,0,0,0,0,0
13/10/23,2793.0939880166115,24925.403893976523,25766.86343568204,Educación,3,20995.62452368443,Depósito,0,0
14/10/23,39537.08922172738,35742.98079815978,0,,0,0,0,30882.389706432477,30000.984559205135
15/10/23,-28601.71426,20461.31879823268,32498.547852487092,Salud,8,22794.011915630723,Retiro,30882.389706432477,30000.984559205135
16/10/23,3896.833591219065,244.96153223856453,0,,0,0,0,30882.389706432477,30000.984559205135
17/10/23,14563.017923586462,22750.108014541096,11910.829694972215,Servicios Públicos,0,0,0,30882.389706432477,30000.984559205135
18/10/23,3896.833591219065,463.2489904912403,0,,0,0,0,30882.389706432477,30000.984559205135
19/10/23,3896.833591219065,173.95804327380856,0,,0,0,0,30882.389706432477,30000.984559205135
20/10/23,15428.168906321518,12024.824134747108,0,,5,34064.45293,Retiro,30882.389706432477,30000.984559205135
21/10/23,41788.51371,38167.15873623671,0,,0,0,0,0,0
22/10/23,872.7355915285225,31734.10775428289,34550.593133331146,Entretenimiento,0,0,0,30882.389706432477,30000.984559205135
23/10/23,28543.21346767932,25131.61298349243,0,,1,10012.501585061353,Pago de Servicio,0,0
24/10/23,35347.40512081009,33509.28206974493,1758.266733,Servicios Públicos,2,8046.802700201822,Pago de Servicio,0,0
25/10/23,3896.833591219065,297.40083680604846,0,,4,20983.768978303815,Pago de Servicio,0,0
26/10/23,-8829.151127,349.10249636565436,12725.984717803009,Entretenimiento,3,13046.302735864976,Transferencia,30882.389706432477,30000.984559205135
27/10/23,1484.887569098857,21627.705797648978,23929.523364867993,Entretenimiento,0,0,0,0,0
28/10/23,19058.537291712935,15434.732439066558,0,,6,17392.833950405773,Retiro,30882.389706432477,30000.984559205135
29/10/23,23306.97214235521,34986.962185210454,15155.892759799666,Entretenimiento,0,0,0,30882.389706432477,30000.984559205135
30/10/23,-5992.37052,21677.998953168433,31425.630366842124,Servicios Públicos,0,0,0,30882.389706432477,30000.984559205135
31/10/23,3896.833591219065,121.61653681928536,0,,6,14012.08621702588,Compra con Tarjeta,30882.389706432477,30000.984559205135
01/11/23,-13406.88152,20461.31879823268,18271.45161838151,Transporte,9,29549.95096404577,Retiro,30882.389706432477,30000.984559205135
02/11/23,4320.484732714529,32604.976961327153,32046.29908381085,Educación,0,0,0,0,0
03/11/23,-22351.61974,296.5467766072169,26248.45333313374,Vivienda,0,0,0,0,0
04/11/23,3896.833591219065,285.7637082278004,0,,8,29572.52470027844,Compra con Tarjeta,0,0
05/11/23,-6418.638065,3199.162782969455,13292.848116580866,Educación,3,13013.65571789654,Depósito,30882.389706432477,30000.984559205135
06/11/23,16934.945773937725,29683.458156799956,16266.315236174232,Transporte,1,13812.285241801374,Retiro,0,0
07/11/23,39999.76275571204,36568.84534675705,0,,0,0,0,30882.389706432477,30000.984559205135
08/11/23,3896.833591219065,333.93647961649583,0,,0,0,0,0,0
09/11/23,-28959.97079,305.50857312696814,32856.80438529723,Vivienda,3,20057.78627519026,Retiro,30882.389706432477,30000.984559205135
10/11/23,-6512.160923,234.62103972275423,10408.994513869628,Alimentos,6,28534.858611815176,Transferencia,30882.389706432477,30000.984559205135
11/11/23,-17670.5366,452.6334798241045,21567.370195696258,Alimentos,0,0,0,30882.389706432477,30000.984559205135
12/11/23,3896.833591219065,209.77170109638047,0,,0,0,0,0,0
13/11/23,4719.956562201869,13944.734422349798,12803.36459606486,Entretenimiento,0,0,0,0,0
14/11/23,-11988.97931,3805.681113138429,19547.867744169343,Educación,6,2727.5880387696184,Pago de Servicio,0,0
15/11/23,24752.39864406888,20461.31879823268,0,,0,0,0,30882.389706432477,30000.984559205135
16/11/23,40898.07286844467,37490.00640874061,0,,8,1133.2289165865573,Transferencia,0,0
17/11/23,-4111.730095,7922.240998158062,15729.970362247215,Servicios Públicos,0,0,0,30882.389706432477,30000.984559205135
18/11/23,3896.833591219065,386.90096235368696,0,,5,31739.65126952611,Compra con Tarjeta,0,0
19/11/23,3896.833591219065,336.98803342188285,0,,6,31804.371483166928,Transferencia,30882.389706432477,30000.984559205135
20/11/23,40418.44287888792,36898.27085256022,0,,0,0,0,0,0
21/11/23,-13929.92858,417.95621718960336,17826.76217370164,Entretenimiento,4,26969.55661846452,Depósito,30882.389706432477,30000.984559205135
22/11/23,-13751.75289,10467.161627380894,27963.554872332083,Vivienda,9,30826.17862,Compra con Tarjeta,30882.389706432477,30000.984559205135
23/11/23,3896.833591219065,401.8677660087282,0,,6,18711.93203,Retiro,0,0
24/11/23,42511.07489429286,38879.68761,0,,8,3988.8458301314686,Depósito,0,0
25/11/23,-7274.441923,443.62454935164817,11171.275514443663,Salud,0,0,0,0,0
26/11/23,-25708.62106,333.2910976426073,29605.45464970455,Ropa,0,0,0,0,0
27/11/23,-15034.07793,133.50712397537015,18930.911524136896,Alimentos,0,0,0,30882.389706432477,30000.984559205135
28/11/23,-27869.00932,355.09639827735987,31765.84291128276,Entretenimiento,2,13237.180856017576,Compra con Tarjeta,0,0
29/11/23,7238.403296170556,24119.191144150864,20566.139257436014,Ropa,0,0,0,0,0
30/11/23,37871.960388233085,34385.12078038424,0,,0,0,0,0,0
01/12/23,3896.833591219065,20461.31879823268,0,,0,0,0,30882.389706432477,30000.984559205135
02/12/23,27200.073338977265,23594.483324856057,0,,0,0,0,30882.389706432477,30000.984559205135
03/12/23,-4349.37942,245.69798759710403,8246.213011693928,Transporte,6,20979.355048029374,Pago de Servicio,0,0
04/12/23,3896.833591219065,484.7687057259078,0,,0,0,0,0,0
05/12/23,17253.615995916356,13822.45335450607,0,,0,0,0,0,0
06/12/23,3896.833591219065,349.5901116302875,0,,9,3325.648609413522,Pago de Servicio,30882.389706432477,30000.984559205135
07/12/23,3896.833591219065,253.55108609802755,0,,0,0,0,30882.389706432477,30000.984559205135
08/12/23,-9762.339075,466.4433429910784,13659.172666118988,Servicios Públicos,0,0,0,30882.389706432477,30000.984559205135
09/12/23,13402.147413519782,9684.637795393042,0,,2,6863.978472452904,Pago de Servicio,30882.389706432477,30000.984559205135
10/12/23,27275.999241225894,23558.574491145057,0,,0,0,0,0,0
11/12/23,36780.98265252399,33238.685465025126,0,,3,18407.489493276495,Transferencia,0,0
12/12/23,26297.35651362824,22514.842974471583,0,,2,27176.898110904975,Depósito,0,0
13/12/23,3896.833591219065,454.4451764394729,0,,3,26960.43806609774,Compra con Tarjeta,0,0
14/12/23,3896.833591219065,463.1531853522366,0,,0,0,0,0,0
15/12/23,9610.287331165287,20461.31879823268,0,,9,34731.25716117212,Compra con Tarjeta,30882.389706432477,30000.984559205135
16/12/23,24227.770322415592,20803.45356470128,0,,6,29055.90028395592,Transferencia,30882.389706432477,30000.984559205135
17/12/23,-5062.269088,20092.69507936995,28607.978778572655,Salud,1,29191.72141821801,Transferencia,30882.389706432477,30000.984559205135
18/12/23,1954.418690274542,248.36554708340265,1942.414900944523,Entretenimiento,7,12499.065862060042,Transferencia,0,0
19/12/23,-8964.891463,18013.66021045843,30523.498935889584,Servicios Públicos,0,0,0,30882.389706432477,30000.984559205135
20/12/23,3896.833591219065,160.82851644607766,0,,0,0,0,0,0
21/12/23,-26496.63276,302.8620979231444,30393.46635,Ropa,0,0,0,30882.389706432477,30000.984559205135
22/12/23,4934.978857934284,6726.874883389007,5351.510424546295,Educación,6,3669.956184689126,Compra con Tarjeta,0,0
23/12/23,708.1676847178414,4947.258540048078,7932.003441132717,Salud,0,0,0,0,0
24/12/23,13249.622691024935,17754.19615931739,8223.230148207342,Entretenimiento,5,7661.017082113603,Retiro,30882.389706432477,30000.984559205135
25/12/23,3896.833591219065,169.66045537894064,0,,0,0,0,30882.389706432477,30000.984559205135
26/12/23,29373.02455,29140.24490257199,3515.9848043596817,Alimentos,0,0,0,0,0
27/12/23,14138.067133940342,10439.924462058309,0,,8,30876.99787436486,Depósito,0,0
28/12/23,-20120.93885,5128.888306504303,28947.391601961433,Entretenimiento,7,563.3049334120703,Pago de Servicio,30882.389706432477,30000.984559205135
29/12/23,32049.895699912835,28318.983654909523,0,,0,0,0,30882.389706432477,30000.984559205135
30/12/23,-4940.944627,20019.751125241524,28504.71392201501,Servicios Públicos,0,0,0,0,0
31/12/23,-22034.50011,297.8954254,25931.33369719988,Transporte,4,23142.02274923801,Depósito,0,0
01/01/24,4228.095382579113,20461.31879823268,3910.7760462492392,Educación,3,23584.87898071262,Depósito,30882.389706432477,30000.984559205135
02/01/24,-15013.30443,11692.397645734003,30470.435577133256,Alimentos,0,0,0,0,0
03/01/24,38507.21074085431,34987.82163167505,0,,5,31111.65621675044,Retiro,0,0
04/01/24,-19614.65165,328.88662480746734,23511.485237306435,Vivienda,0,0,0,30882.389706432477,30000.984559205135
05/01/24,3896.833591219065,483.5634923835011,0,,0,0,0,30882.389706432477,30000.984559205135
06/01/24,3896.833591219065,242.70927789476073,0,,0,0,0,0,0
07/01/24,22396.77625910555,18870.25305924274,0,,8,1410.6299194068192,Transferencia,0,0
08/01/24,11763.060713624733,18339.168711096547,10242.710322846297,Transporte,0,0,0,30882.389706432477,30000.984559205135
09/01/24,3896.833591219065,364.36603086976567,0,,0,0,0,0,0
10/01/24,3785.336515601278,352.53100531540537,111.49707561778762,Educación,0,0,0,0,0
11/01/24,-11931.33035,15009.247638104842,30537.849294502852,Ropa,1,11807.788145520428,Pago de Servicio,0,0
12/01/24,3896.833591219065,287.7738146584077,0,,0,0,0,30882.389706432477,30000.984559205135
13/01/24,3896.833591219065,476.0131196488755,0,,2,15638.190768257262,Pago de Servicio,0,0
14/01/24,-30339.63303,349.8490855642939,34236.46662017736,Salud,0,0,0,0,0
15/01/24,16682.71882930266,20461.31879823268,0,,0,0,0,30882.389706432477,30000.984559205135
16/01/24,3896.833591219065,383.40067844906184,0,,0,0,0,0,0
17/01/24,39920.097,36459.827938265546,0,,4,3989.2537884122753,Compra con Tarjeta,0,0
18/01/24,8697.304188552933,5183.1331919662825,0,,0,0,0,30882.389706432477,30000.984559205135
19/01/24,-13237.34876,369.0203179165113,17134.182352743017,Entretenimiento,3,8374.378680260283,Depósito,30882.389706432477,30000.984559205135
20/01/24,-4530.767616,16518.709947837633,24840.247745647182,Entretenimiento,6,21224.953145208157,Pago de Servicio,30882.389706432477,30000.984559205135
21/01/24,3896.833591219065,347.17741117139917,0,,4,4713.229172921818,Depósito,0,0
22/01/24,-6161.624797,15238.529693651362,24940.05900264086,Servicios Públicos,0,0,0,30882.389706432477,30000.984559205135
23/01/24,3896.833591219065,454.3622610099701,0,,0,0,0,0,0
24/01/24,3896.833591219065,382.4294921577874,0,,1,2292.180469094988,Pago de Servicio,30882.389706432477,30000.984559205135
25/01/24,32939.389355421335,29495.145501757976,0,,9,6838.8606301691925,Pago de Servicio,30882.389706432477,30000.984559205135
26/01/24,3896.833591219065,428.07543354898615,0,,0,0,0,30882.389706432477,30000.984559205135
27/01/24,-24468.11351,197.49254385733144,28364.947097594297,Educación,0,0,0,0,0
28/01/24,-23719.64553,154.78157085672933,27616.479117352075,Salud,0,0,0,30882.389706432477,30000.984559205135
29/01/24,-5837.543317,383.1763746076951,9734.376908525668,Vivienda,2,9646.210528038298,Compra con Tarjeta,0,0
30/01/24,8530.18817,4878.702217059934,0,,0,0,0,0,0
31/01/24,-16608.23478,6395.758367305978,26754.62629899675,Servicios Públicos,0,0,0,0,0
01/02/24,-13711.56231,20461.31879823268,17608.395896966853,Alimentos,2,3433.919013,Depósito,0,0
02/02/24,3896.833591219065,199.20165678189977,0,,8,19851.018794081396,Retiro,0,0
03/02/24,14258.452754100832,30785.949788913986,20208.61913,Transporte,2,6850.197167706636,Depósito,30882.389706432477,30000.984559205135
04/02/24,38645.00298640548,35246.136050797824,0,,0,0,0,0,0
05/02/24,14754.35828587896,11248.055814379826,0,,0,0,0,30882.389706432477,30000.984559205135
06/02/24,3896.833591219065,203.95661253244137,0,,2,28134.259991178413,Compra con Tarjeta,0,0
07/02/24,3896.833591219065,372.9330510363264,0,,3,8403.814353743892,Depósito,0,0
08/02/24,-5175.34258,172.83414694476062,9072.176171574258,Salud,5,27507.55019354267,Transferencia,0,0
09/02/24,3050.7729589064675,6095.690747680803,6548.1938392072225,Ropa,7,11248.217877192035,Compra con Tarjeta,0,0
10/02/24,-23895.82999,279.7893536000024,27792.663583089157,Alimentos,0,0,0,0,0
11/02/24,-6969.487966,280.5857284419849,10866.321557006073,Transporte,0,0,0,0,0
12/02/24,-25636.14406,315.10974368377333,29532.977647671756,Vivienda,0,0,0,30882.389706432477,30000.984559205135
13/02/24,18720.408419720778,14983.042670378358,0,,0,0,0,30882.389706432477,30000.984559205135
14/02/24,-4407.392463,342.45178640647316,8304.226054268338,Transporte,0,0,0,0,0
15/02/24,13197.061567144698,20461.31879823268,0,,3,12852.338814922496,Pago de Servicio,30882.389706432477,30000.984559205135
16/02/24,3896.833591219065,165.2703191681434,0,,4,19799.941803536367,Depósito,30882.389706432477,30000.984559205135
17/02/24,3896.833591219065,238.95474873326825,0,,7,18910.84191398629,Depósito,30882.389706432477,30000.984559205135
18/02/24,-15084.63051,153.07755330451428,18981.46410451387,Transporte,2,27033.925358754674,Compra con Tarjeta,30882.389706432477,30000.984559205135
19/02/24,3896.833591219065,364.6917905705665,0,,1,2375.911843110368,Retiro,30882.389706432477,30000.984559205135
20/02/24,11786.32937023152,32446.952892901263,24136.484909765604,Alimentos,0,0,0,30882.389706432477,30000.984559205135
21/02/24,3896.833591219065,136.96967099884102,0,,0,0,0,0,0
22/02/24,-21804.35885,8639.997372272037,34185.678514842875,Entretenimiento,0,0,0,30882.389706432477,30000.984559205135
23/02/24,1618.8917075630434,12291.808643983546,14163.441748048135,Transporte,0,0,0,0,0
24/02/24,-17240.92041,11585.994753744702,32612.779176406948,Vivienda,9,19282.57581287078,Depósito,0,0
25/02/24,31143.738227457274,27487.654093738525,0,,0,0,0,30882.389706432477,30000.984559205135
26/02/24,3896.833591219065,132.5032860523021,0,,0,0,0,0,0
27/02/24,3896.833591219065,347.72490788553284,0,,0,0,0,30882.389706432477,30000.984559205135
28/02/24,-18609.23307,9145.790244372636,31356.08155102347,Transporte,0,0,0,30882.389706432477,30000.984559205135
29/02/24,3896.833591219065,455.99937556410447,0,,0,0,0,30882.389706432477,30000.984559205135
01/03/24,4792.2247835534035,20461.31879823268,19677.867046815572,Transporte,3,17882.862496847643,Depósito,30882.389706432477,30000.984559205135
02/03/24,26187.312974899327,24956.98119339733,2170.9457559225943,Transporte,0,0,0,0,0
03/03/24,-5425.393989,439.1371278827093,9322.22758,Transporte,0,0,0,0,0
04/03/24,-20908.79209,453.2686590244499,24805.625676530388,Transporte,0,0,0,0,0
05/03/24,-21556.78951,245.62960793526685,25453.623102394544,Ropa,8,2862.707936912534,Pago de Servicio,0,0
06/03/24,25228.53826607688,21679.58375108952,0,,0,0,0,0,0
07/03/24,18823.056680565656,35674.74983203438,20484.311139128324,Ropa,1,20428.91305102806,Retiro,30882.389706432477,30000.984559205135
08/03/24,-12556.64041,219.4766452312748,16453.474005424174,Alimentos,6,7976.281275401111,Transferencia,0,0
09/03/24,-17923.00918,411.59626929839754,21819.84277152145,Educación,7,17941.87446759468,Transferencia,0,0
10/03/24,-26296.94391,487.0092241047693,30193.777502899833,Servicios Públicos,0,0,0,30882.389706432477,30000.984559205135
11/03/24,3896.833591219065,273.6298970798406,0,,4,14178.923154550135,Retiro,30882.389706432477,30000.984559205135
12/03/24,13315.20340029718,9581.692316714389,0,,5,8373.837064064124,Pago de Servicio,30882.389706432477,30000.984559205135
13/03/24,25987.90644414533,22305.965695244664,0,,0,0,0,30882.389706432477,30000.984559205135
14/03/24,3896.833591219065,484.27087519668527,0,,6,26017.23910610757,Transferencia,30882.389706432477,30000.984559205135
15/03/24,25832.289217212023,20461.31879823268,0,,6,3931.029546404377,Retiro,30882.389706432477,30000.984559205135
16/03/24,3217.5608980506295,19372.684105867706,19619.203642115725,Entretenimiento,0,0,0,30882.389706432477,30000.984559205135
17/03/24,5771.647840280566,2189.219868992075,0,,0,0,0,0,0
18/03/24,3896.833591219065,186.8431115060145,0,,0,0,0,30882.389706432477,30000.984559205135
19/03/24,-16611.06719,453.25768337993014,20507.90077806163,Vivienda,4,30497.66887950832,Depósito,0,0
20/03/24,-12024.26483,11297.891447431655,26954.430936361307,Alimentos,9,3669.7138603001554,Depósito,30882.389706432477,30000.984559205135
21/03/24,-3850.872327,293.5844512050107,7747.705918499866,Vivienda,7,2427.9317676290184,Depósito,0,0
22/03/24,3896.833591219065,261.8018643139111,0,,0,0,0,30882.389706432477,30000.984559205135
23/03/24,1324.3054615689834,18963.486537064415,21129.297991636544,Salud,0,0,0,0,0
24/03/24,-19434.81815,270.74087715082794,23331.651740644254,Transporte,0,0,0,30882.389706432477,30000.984559205135
25/03/24,-14600.59813,114.23506351095229,18497.43172174985,Ropa,0,0,0,30882.389706432477,30000.984559205135
26/03/24,-9210.325211,261.14873818027513,13107.158801750978,Salud,1,25636.16467564636,Compra con Tarjeta,30882.389706432477,30000.984559205135
27/03/24,9035.737904442574,5265.731742,0,,8,20119.591784998494,Compra con Tarjeta,30882.389706432477,30000.984559205135
28/03/24,22913.4715,34775.31839005605,15263.843774050598,Vivienda,0,0,0,0,0
29/03/24,36888.88958837624,33150.00354836235,0,,7,29004.62411325237,Retiro,0,0
30/03/24,-8927.796411,410.6908623870594,12824.630001756384,Vivienda,0,0,0,0,0
31/03/24,3896.833591219065,400.7384376594819,0,,0,0,0,30882.389706432477,30000.984559205135
01/04/24,26338.775657818172,20461.31879823268,0,,6,3568.618761163512,Transferencia,30882.389706432477,30000.984559205135
02/04/24,-16601.78245,14429.526114959632,34581.90195671604,Educación,0,0,0,30882.389706432477,30000.984559205135
03/04/24,-3833.979168,414.1419608024688,7730.812759709025,Salud,0,0,0,30882.389706432477,30000.984559205135
04/04/24,34024.62628,30247.176924456617,0,,0,0,0,0,0
05/04/24,-13314.83426,15808.670180905696,32605.388392465156,Salud,5,23046.968702957867,Compra con Tarjeta,0,0
06/04/24,-3423.889305,7688.410052502801,14561.67391899769,Salud,6,11437.848456466192,Pago de Servicio,0,0
07/04/24,9214.065414495091,5632.805891,0,,8,9575.623413519865,Compra con Tarjeta,0,0
08/04/24,-7473.415569,20587.09387271359,31476.169920138607,Ropa,6,16986.308274072897,Compra con Tarjeta,0,0
09/04/24,9476.710636591968,35950.03772329914,30045.03351031735,Ropa,0,0,0,0,0
10/04/24,-19536.33068,480.7625731488924,23433.164266687658,Educación,4,34781.20029692628,Pago de Servicio,0,0
11/04/24,28789.40599812616,25226.274389001308,0,,1,27730.49757399908,Depósito,0,0
12/04/24,22550.35486251028,18784.41606289207,0,,0,0,0,30882.389706432477,30000.984559205135
13/04/24,3896.833591219065,308.72774476329573,0,,0,0,0,0,0
14/04/24,18997.34666654087,39465.34912,24151.17045943472,Ropa,9,5911.957507522677,Pago de Servicio,30882.389706432477,30000.984559205135
15/04/24,36304.250259201086,20461.31879823268,0,,5,20853.52289043902,Pago de Servicio,30882.389706432477,30000.984559205135
16/04/24,19581.998048283087,32217.885855656015,16294.556730575629,Salud,1,5160.0445233504615,Compra con Tarjeta,0,0
17/04/24,21769.41250113922,34995.45230211546,16856.648720169145,Ropa,7,23324.42442936477,Transferencia,30882.389706432477,30000.984559205135
18/04/24,3896.833591219065,248.71559255198244,0,,0,0,0,30882.389706432477,30000.984559205135
19/04/24,10607.623716496457,6977.844246405237,0,,7,9889.737392,Pago de Servicio,30882.389706432477,30000.984559205135
20/04/24,3896.833591219065,371.7644374461079,0,,0,0,0,0,0
21/04/24,3896.833591219065,259.4081180233984,0,,0,0,0,30882.389706432477,30000.984559205135
22/04/24,4383.593336,821.7366166021463,0,,0,0,0,30882.389706432477,30000.984559205135
23/04/24,1821.0446500965445,26307.395551431317,28037.81568842055,Educación,0,0,0,0,0
24/04/24,24605.558959100767,20879.040300831686,0,,3,26254.51753982276,Compra con Tarjeta,30882.389706432477,30000.984559205135
25/04/24,-17132.35425,4699.572873233266,25619.42621466092,Ropa,3,15531.450725530569,Depósito,30882.389706432477,30000.984559205135
26/04/24,25550.373359893987,21918.685978205107,0,,1,15124.029659577222,Pago de Servicio,30882.389706432477,30000.984559205135
27/04/24,-3826.627267,235.26000716901655,7723.460857793798,Alimentos,5,16587.61018616389,Depósito,0,0
28/04/24,43409.21713156636,39893.35202846612,0,,9,17963.733952855266,Compra con Tarjeta,30882.389706432477,30000.984559205135
29/04/24,3896.833591219065,423.30100822532006,0,,1,19533.400883356044,Transferencia,0,0
30/04/24,-25912.83762,279.75902503081386,29809.67120937881,Transporte,4,28383.166710610025,Retiro,0,0
01/05/24,3896.833591219065,20461.31879823268,0,,0,0,0,0,0
02/05/24,3896.833591219065,231.3236034677156,0,,8,23961.397359387734,Pago de Servicio,30882.389706432477,30000.984559205135
03/05/24,-10491.39945,17507.00724,31708.68494765801,Salud,0,0,0,30882.389706432477,30000.984559205135
04/05/24,42102.951704537416,40135.279075700826,1728.7348360564229,Vivienda,0,0,0,30882.389706432477,30000.984559205135
05/05/24,3896.833591219065,118.27847205780012,0,,0,0,0,30882.389706432477,30000.984559205135
06/05/24,3896.833591219065,263.24393409635695,0,,0,0,0,30882.389706432477,30000.984559205135
07/05/24,20356.864826463385,17173.95419078545,367.9973010812137,Educación,0,0,0,30882.389706432477,30000.984559205135
08/05/24,22878.587014749864,19153.935218548377,0,,4,30110.42902349927,Depósito,30882.389706432477,30000.984559205135
09/05/24,-13424.83765,141.8631963,17321.67123793394,Transporte,0,0,0,0,0
10/05/24,31425.16653808977,31689.195733429387,3957.534431153827,Entretenimiento,8,23107.42032142654,Depósito,0,0
11/05/24,3896.833591219065,331.41648424712537,0,,7,29426.75899912233,Transferencia,30882.389706432477,30000.984559205135
12/05/24,24172.99789379148,38999.25007102368,18549.8436,Salud,3,3828.133621837937,Retiro,30882.389706432477,30000.984559205135
13/05/24,892.8506344917332,18534.01905025882,21244.57644235994,Alimentos,7,30739.29647044756,Transferencia,0,0
14/05/24,-11082.48175,251.1829319581926,14979.315338667042,Servicios Públicos,0,0,0,30882.389706432477,30000.984559205135
15/05/24,30394.569912967723,20461.31879823268,0,,9,32110.805564169037,Depósito,30882.389706432477,30000.984559205135
16/05/24,-1770.803115,330.80400657520636,5667.636706351472,Alimentos,0,0,0,30882.389706432477,30000.984559205135
17/05/24,-5875.683757,2258.330870536697,11593.392163753631,Educación,5,16565.463733696928,Pago de Servicio,30882.389706432477,30000.984559205135
18/05/24,19041.34309883321,15484.160798383888,0,,3,31389.16515187921,Depósito,0,0
19/05/24,5976.0217360564075,2248.4240044710277,0,,0,0,0,30882.389706432477,30000.984559205135
20/05/24,25855.584592233223,22192.55092,0,,8,24566.194169781465,Compra con Tarjeta,0,0
21/05/24,-30955.38528,243.6225424945636,34852.21886682514,Transporte,0,0,0,30882.389706432477,30000.984559205135
22/05/24,10004.969182681529,10356.373733940143,3906.7339910369424,Alimentos,9,30528.71753562755,Compra con Tarjeta,0,0
23/05/24,3896.833591219065,199.65965327402503,0,,0,0,0,0,0
24/05/24,-8333.063343,361.93523868358074,12229.896933723934,Servicios Públicos,0,0,0,0,0
25/05/24,7320.788945836237,15206.774949783055,11377.367056007815,Servicios Públicos,7,25848.002407621592,Transferencia,30882.389706432477,30000.984559205135
26/05/24,20418.024618830634,16642.20382,0,,0,0,0,0,0
27/05/24,3896.833591219065,368.1695086754276,0,,0,0,0,0,0
28/05/24,38766.431798746904,35202.03224168203,0,,0,0,0,30882.389706432477,30000.984559205135
29/05/24,40983.95318660603,37419.51105990167,0,,0,0,0,0,0
30/05/24,20253.08700776994,39578.35237,23045.23658308772,Ropa,9,27076.169171338865,Depósito,0,0
31/05/24,43866.555978880686,40266.32413219668,0,,0,0,0,30882.389706432477,30000.984559205135
01/06/24,5077.501432204965,20461.31879823268,0,,3,16857.91943661034,Compra con Tarjeta,30882.389706432477,30000.984559205135
02/06/24,24982.30867,21342.638757329052,0,,4,13197.975102305769,Retiro,0,0
03/06/24,-1451.758924,264.44588268596874,5348.592515,Entretenimiento,0,0,0,30882.389706432477,30000.984559205135
04/06/24,-17052.49402,365.17298098012645,20949.327613949543,Salud,1,18769.851899315843,Depósito,30882.389706432477,30000.984559205135
05/06/24,1910.582223257894,24167.666315988525,25961.061164285544,Educación,7,24595.913149476717,Retiro,0,0
06/06/24,2095.0932581208035,481.1858545089751,1801.740333098261,Servicios Públicos,7,4153.825075709983,Retiro,0,0
07/06/24,29465.76920350905,25908.7061,0,,0,0,0,0,0
08/06/24,-15605.37888,10466.08857326308,29745.51176811108,Entretenimiento,3,195.62457946311963,Depósito,30882.389706432477,30000.984559205135
09/06/24,-3278.569118,426.0087854192107,7175.4027095555775,Servicios Públicos,0,0,0,30882.389706432477,30000.984559205135
10/06/24,3896.833591219065,227.4919765791728,0,,0,0,0,30882.389706432477,30000.984559205135
11/06/24,8141.3741239679375,7031.167611346591,2587.110124470607,Vivienda,4,5233.406389110911,Pago de Servicio,30882.389706432477,30000.984559205135
12/06/24,-14279.01236,209.14072901707144,18175.845949810104,Salud,0,0,0,0,0
13/06/24,11637.775160076144,27525.034820840207,19529.22532444839,Educación,0,0,0,0,0
14/06/24,6025.099880706035,33152.37693332494,30567.92888195585,Educación,2,15578.79446205566,Depósito,0,0
15/06/24,-20262.29602,20461.31879823268,24159.129609728763,Educación,0,0,0,0,0
16/06/24,6066.718543859113,18725.527180637982,16222.29816298557,Vivienda,2,10202.972933990535,Transferencia,30882.389706432477,30000.984559205135
17/06/24,12926.147802424306,16646.463093140654,7360.414281,Ropa,4,20374.851341451485,Transferencia,0,0
18/06/24,877.0530661644975,284.4728172679624,3019.7805250545675,Transporte,0,0,0,30882.389706432477,30000.984559205135
19/06/24,-6964.758572,200.62772803828105,10861.592163294186,Ropa,0,0,0,0,0
20/06/24,37708.78182,33996.516762271945,0,,4,5194.483135497416,Transferencia,0,0
21/06/24,3896.833591219065,100.60414221169918,0,,8,1889.430838312059,Transferencia,30882.389706432477,30000.984559205135
22/06/24,37622.65547006302,33916.799115315895,0,,0,0,0,30882.389706432477,30000.984559205135
23/06/24,-29174.76103,481.7255319126558,33071.59462352382,Servicios Públicos,9,10802.047851671368,Transferencia,0,0
24/06/24,33934.54931,30481.50376521504,0,,7,29116.692143799548,Pago de Servicio,30882.389706432477,30000.984559205135
25/06/24,26212.91363664901,22532.160042423817,0,,0,0,0,30882.389706432477,30000.984559205135
26/06/24,-15374.87326,5960.061113356228,24745.631327476927,Alimentos,0,0,0,0,0
27/06/24,7230.544141324273,23365.249173912223,19824.151444243267,Vivienda,4,28584.18497322067,Transferencia,30882.389706432477,30000.984559205135
28/06/24,24103.595038287374,31680.195026943984,11040.979656319889,Vivienda,8,21847.30085284194,Pago de Servicio,0,0
29/06/24,-4111.761931,246.42432582429996,8008.595522411268,Salud,0,0,0,0,0
30/06/24,3896.833591219065,285.3917011276427,0,,0,0,0,30882.389706432477,30000.984559205135
01/07/24,28413.47734,20461.31879823268,0,,4,9047.783867,Retiro,0,0
02/07/24,-21956.07912,364.5295251413158,25852.912710347715,Vivienda,2,6532.107099139673,Retiro,0,0
03/07/24,-30648.17712,220.51182976437855,34545.01070984338,Salud,7,211.60290033750317,Depósito,0,0
04/07/24,-20514.00555,5376.462123601706,29585.623286731927,Salud,0,0,0,0,0
05/07/24,3896.833591219065,409.56442986728393,0,,0,0,0,0,0
06/07/24,3896.833591219065,409.2383522306529,0,,0,0,0,0,0
07/07/24,3896.833591219065,104.5816711735156,0,,1,23504.743720604685,Pago de Servicio,30882.389706432477,30000.984559205135
08/07/24,3896.833591219065,307.5940517970133,0,,0,0,0,30882.389706432477,30000.984559205135
09/07/24,-4093.881847,367.2524829,7990.715438651716,Salud,1,27233.63440326689,Depósito,0,0
10/07/24,3896.833591219065,480.4157156010743,0,,2,4641.329238948224,Retiro,30882.389706432477,30000.984559205135
11/07/24,23867.45970380833,28011.170015629184,7573.049291108313,Alimentos,3,24079.08860416511,Depósito,30882.389706432477,30000.984559205135
12/07/24,-14133.70276,247.7227787,18030.53635082543,Entretenimiento,5,22131.178507423618,Transferencia,30882.389706432477,30000.984559205135
13/07/24,26947.074398447916,26970.27728395034,3531.437101350883,Educación,1,30289.808699337045,Depósito,0,0
14/07/24,22182.48012970805,18499.838510805446,0,,6,24679.793635302383,Transferencia,0,0
15/07/24,15454.380052835251,20461.31879823268,12983.53872916862,Ropa,7,17584.401281470728,Retiro,30882.389706432477,30000.984559205135
16/07/24,-14817.7465,305.4170850519695,18714.58009518475,Educación,4,34697.633425145534,Compra con Tarjeta,0,0
17/07/24,-14753.98982,5279.439191059551,23475.845182055167,Vivienda,5,21099.124206130207,Retiro,0,0
18/07/24,-27401.19212,162.61979406054232,31298.025708252473,Vivienda,2,24394.035962653383,Pago de Servicio,0,0
19/07/24,-8732.587052,198.54921977155573,12629.420643503889,Educación,0,0,0,30882.389706432477,30000.984559205135
20/07/24,21238.37475058021,17535.27555282838,0,,0,0,0,30882.389706432477,30000.984559205135
21/07/24,-5626.935605,205.2619388672282,9523.769196,Ropa,0,0,0,0,0
22/07/24,21046.497190701608,17612.741004309824,0,,0,0,0,30882.389706432477,30000.984559205135
23/07/24,-6791.036291,244.8707723149131,10687.869881927416,Transporte,0,0,0,30882.389706432477,30000.984559205135
24/07/24,3896.833591219065,361.3391105230714,0,,0,0,0,0,0
25/07/24,-7217.452904,15439.758788588297,26433.68029202715,Servicios Públicos,7,17887.626132828547,Depósito,30882.389706432477,30000.984559205135
26/07/24,3896.833591219065,463.6190730506104,0,,3,24763.71545558721,Retiro,0,0
27/07/24,42353.96667694128,38658.93728,0,,6,17316.61681574628,Transferencia,30882.389706432477,30000.984559205135
28/07/24,3896.833591219065,207.47982339607236,0,,0,0,0,0,0
29/07/24,3896.833591219065,199.19494202130485,0,,8,16943.326928870014,Transferencia,30882.389706432477,30000.984559205135
30/07/24,3896.833591219065,229.83100010691615,0,,8,26459.69371612309,Transferencia,0,0
31/07/24,3896.833591219065,479.76959464356577,0,,0,0,0,0,0
01/08/24,14630.27561533268,20461.31879823268,2412.245985328285,Servicios Públicos,0,0,0,30882.389706432477,30000.984559205135
02/08/24,5503.879547312558,1991.4659422167667,0,,0,0,0,30882.389706432477,30000.984559205135
03/08/24,3896.833591219065,205.0892298175674,0,,0,0,0,0,0
04/08/24,-5105.349358,22209.640012963268,30838.76398268361,Salud,0,0,0,0,0
05/08/24,-15882.39515,414.1548697833367,19779.228741789368,Servicios Públicos,0,0,0,0,0
06/08/24,30445.406738514885,33825.08694395538,6819.361671168362,Vivienda,0,0,0,30882.389706432477,30000.984559205135
07/08/24,3896.833591219065,225.98424535978225,0,,6,28490.390792977694,Retiro,30882.389706432477,30000.984559205135
08/08/24,7065.652138,23816.23332129808,20303.971329186883,Entretenimiento,7,25786.478431467196,Depósito,0,0
09/08/24,22221.571521424023,18817.981508563866,0,,4,1604.614853232969,Depósito,30882.389706432477,30000.984559205135
10/08/24,4359.732143429609,633.7940595090948,0,,0,0,0,30882.389706432477,30000.984559205135
11/08/24,3896.833591219065,372.5110308909282,0,,3,34697.33107467565,Depósito,0,0
12/08/24,2697.4461412920937,24385.682084419095,25462.29198247521,Entretenimiento,0,0,0,0,0
13/08/24,3237.7440624390333,175.5082879528863,659.0895287800317,Salud,0,0,0,30882.389706432477,30000.984559205135
14/08/24,23744.779033812934,33142.86083933394,12799.021770565092,Servicios Públicos,4,4744.216407385533,Compra con Tarjeta,0,0
15/08/24,-3335.692032,20461.31879823268,7232.525623018281,Educación,0,0,0,30882.389706432477,30000.984559205135
16/08/24,-16972.01261,413.4241647086224,20868.846199098753,Ropa,0,0,0,30882.389706432477,30000.984559205135
17/08/24,-7039.675124,17945.399812323012,28641.00240127651,Vivienda,8,4682.626824915066,Transferencia,30882.389706432477,30000.984559205135
18/08/24,34695.343247268414,31239.46079834217,0,,8,13384.042184309848,Pago de Servicio,30882.389706432477,30000.984559205135
19/08/24,3896.833591219065,351.7447008514216,0,,0,0,0,30882.389706432477,30000.984559205135
20/08/24,26197.80464223648,22568.085397037856,0,,9,25057.004943457232,Compra con Tarjeta,30882.389706432477,30000.984559205135
21/08/24,11003.157759449008,7257.178449717414,0,,0,0,0,0,0
22/08/24,24188.65580041307,26792.61420070539,6366.340645199365,Transporte,0,0,0,30882.389706432477,30000.984559205135
23/08/24,43343.92123894294,39942.126512770505,0,,0,0,0,30882.389706432477,30000.984559205135
24/08/24,3896.833591219065,327.2770330881949,0,,9,22571.865407861675,Transferencia,30882.389706432477,30000.984559205135
25/08/24,8226.764278472372,32524.02416669889,27716.225390946587,Vivienda,1,18620.287083122468,Transferencia,0,0
26/08/24,26399.64258849493,29465.27769446237,6592.021847061998,Servicios Públicos,0,0,0,0,0
27/08/24,3896.833591219065,271.03805368194014,0,,2,14183.61291,Pago de Servicio,0,0
28/08/24,-10078.55594,243.4275615423764,13975.389536028291,Entretenimiento,6,15771.72063240646,Transferencia,30882.389706432477,30000.984559205135
29/08/24,7597.555624090871,4147.432100698298,0,,8,176.0060682897955,Pago de Servicio,30882.389706432477,30000.984559205135
30/08/24,36884.35775273965,33283.593657337246,0,,0,0,0,30882.389706432477,30000.984559205135
31/08/24,36264.89739659983,32535.65268442834,0,,7,18406.619756686145,Depósito,30882.389706432477,30000.984559205135
01/09/24,-23517.19388,20461.31879823268,30950.614494017096,Servicios Públicos,3,7284.961065289653,Pago de Servicio,0,0
02/09/24,-20089.9909,195.15500123709836,23986.82448879383,Vivienda,0,0,0,30882.389706432477,30000.984559205135
03/09/24,355.6616524824967,8622.295551584968,11682.12631811093,Salud,4,7028.002968498509,Compra con Tarjeta,0,0
04/09/24,-17294.42561,470.21249119533246,21191.259203408143,Alimentos,0,0,0,30882.389706432477,30000.984559205135
05/09/24,19524.69346162787,19489.469100219547,3398.8920329449834,Entretenimiento,1,14558.360244295412,Transferencia,0,0
06/09/24,28680.014530664605,38318.74051444197,13039.491882439968,Ropa,8,25177.967029352087,Depósito,0,0
07/09/24,-3730.912713,10291.675533938886,17677.736087630015,Transporte,0,0,0,30882.389706432477,30000.984559205135
08/09/24,-17499.0131,317.7469622137586,21395.846694557247,Vivienda,0,0,0,0,0
09/09/24,31776.837761225244,28012.558950018083,0,,2,30734.367255717105,Transferencia,0,0
10/09/24,-26646.06452,371.94090578291485,30542.898109023776,Transporte,6,13216.189061513349,Retiro,0,0
11/09/24,-7572.009772,11092.41934707961,22223.57556555623,Transporte,0,0,0,30882.389706432477,30000.984559205135
12/09/24,28659.179560852313,31889.117679736344,6793.180956627982,Educación,0,0,0,0,0
13/09/24,-6803.693171,438.77075632947486,10700.52676,Transporte,5,26992.01627183711,Retiro,30882.389706432477,30000.984559205135
14/09/24,-5350.190833,17478.143815902895,26306.087882886535,Educación,2,783.6653196440619,Retiro,30882.389706432477,30000.984559205135
15/09/24,3896.833591219065,20461.31879823268,0,,0,0,0,0,0
16/09/24,-20443.42675,124.4315465347014,24340.260340819124,Transporte,6,5783.5076274232215,Depósito,30882.389706432477,30000.984559205135
17/09/24,17649.60168806614,14067.84529426508,0,,0,0,0,0,0
18/09/24,12428.417213945757,8959.245413514276,0,,0,0,0,0,0
19/09/24,-2501.382492,470.49838174448064,6398.216082760038,Alimentos,0,0,0,0,0
20/09/24,3896.833591219065,141.8595319,0,,0,0,0,0,0
21/09/24,41557.200068286285,37980.60446686632,0,,0,0,0,0,0
22/09/24,3896.833591219065,131.2857231,0,,9,27376.818718211493,Retiro,0,0
23/09/24,32309.62076601288,28708.198870897195,0,,5,8568.89166,Depósito,0,0
24/09/24,6704.8505959973645,3018.616971232325,0,,7,24118.93475307815,Pago de Servicio,30882.389706432477,30000.984559205135
25/09/24,-13757.99432,189.8246682514368,17654.827909113264,Entretenimiento,0,0,0,30882.389706432477,30000.984559205135
26/09/24,3896.833591219065,323.54895207363506,0,,0,0,0,0,0
27/09/24,11883.284443566388,12033.098502568102,3808.301740257877,Entretenimiento,7,2106.1578287169596,Retiro,0,0
28/09/24,3896.833591219065,183.1073614346741,0,,8,13543.959838879968,Retiro,30882.389706432477,30000.984559205135
29/09/24,22181.73097023809,23107.590823634164,4338.722624380305,Ropa,0,0,0,30882.389706432477,30000.984559205135
30/09/24,8127.204080772637,34950.913434337555,30301.326063049295,Transporte,9,6765.751045174708,Compra con Tarjeta,30882.389706432477,30000.984559205135
01/10/24,27514.171303980853,20461.31879823268,8238.760135,Vivienda,7,6536.521810237009,Compra con Tarjeta,0,0